{"name":"makeovermonday_2020w26","title":"2020/W26: Viz5 - Economic Empowerment","description":"Viz 5 - Economic Empowerment\n\n---\n{\"editor\":\"markdown\"}\n---\n# **Original Visualization**\n![Economic Empowerement.png](https://media.data.world/zxmlczvyR0iyXoewjv2V_Economic%20Empowerement.png)\n\n# **About this Dataset**\nSOURCE ARTICLE: [Women, Business and the Law](https://openknowledge.worldbank.org/bitstream/handle/10986/32639/9781464815324.pdf)\nDATA SOURCE: [World Bank](https://wbl.worldbank.org/en/wbl-data)\n\n# **Objectives**\n\n* What works and what doesn't work with this chart? \n* How can you make it better?","homepage":"https://data.world/makeovermonday/2020w26","resources":[{"name":"viz5_july_2020_economic_empowerement","schema":{"fields":[{"name":"id","title":"ID","type":"string","rdfType":"http://www.w3.org/2001/XMLSchema#string","dwSourceId":"id"},{"name":"country","title":"Country","type":"string","rdfType":"http://www.w3.org/2001/XMLSchema#string","dwSourceId":"country"},{"name":"code","title":"Code","type":"string","rdfType":"http://www.w3.org/2001/XMLSchema#string","dwSourceId":"code"},{"name":"region","title":"Region","type":"string","rdfType":"http://www.w3.org/2001/XMLSchema#string","dwSourceId":"region"},{"name":"income_group","title":"Income group","type":"string","rdfType":"http://www.w3.org/2001/XMLSchema#string","dwSourceId":"income_group"},{"name":"wbl_report_year","title":"WBL Report Year","type":"gyear","rdfType":"http://www.w3.org/2001/XMLSchema#gYear","dwSourceId":"wbl_report_year"},{"name":"question_category","title":"Question Category","type":"string","rdfType":"http://www.w3.org/2001/XMLSchema#string","dwSourceId":"question_category"},{"name":"question","title":"Question","type":"string","rdfType":"http://www.w3.org/2001/XMLSchema#string","dwSourceId":"question"},{"name":"text_answer","title":"Text Answer","type":"string","rdfType":"http://www.w3.org/2001/XMLSchema#string","dwSourceId":"text_answer"},{"name":"index_score","title":"Index Score","type":"integer","rdfType":"http://www.w3.org/2001/XMLSchema#integer","dwSourceId":"index_score"}]},"path":"data/viz5_july_2020_economic_empowerement.csv","format":"csv"},{"name":"original/20200618 Visualize Gender Equality Data Dictionary #5.pdf","path":"original/20200618 Visualize Gender Equality Data Dictionary #5.pdf","format":"pdf","mediatype":"application/pdf","bytes":76847},{"name":"original/20200618 Visualize Gender Equality Data Set #5.pdf","path":"original/20200618 Visualize Gender Equality Data Set #5.pdf","format":"pdf","mediatype":"application/pdf","bytes":2825129},{"name":"original/Economic Empowerement.png","path":"original/Economic Empowerement.png","format":"png","mediatype":"image/png","bytes":394996},{"name":"original/Viz5-July-2020-economic-empowerement.csv","path":"original/Viz5-July-2020-economic-empowerement.csv","format":"csv","mediatype":"text/csv","bytes":48280952}],"keywords":["viz5","womens empowerment","economic empowerment","economic opportunity"]}